OrderID,Client Ref 1,Client Ref 2,Customer,PO Number,Doc. Date,Completed,Units,Value,Service,Charges,Taxes,Inv. Amt
16280166,IF4041436694,32038689,V0R2G0SWO - SWORDFERN BOUTIQUE,feb 2026 top up,2026-02-02,2026-02-04,7,324.45,Order NonMasterPack,3.5,0.18,3.68
16280166,IF4041436694,32038689,V0R2G0SWO - SWORDFERN BOUTIQUE,feb 2026 top up,2026-02-02,2026-02-04,1,324.45,Order Processing,2,0.1,2.1
16287236,IF4041437317,32074337,H7P0B7SAI - SAIL 16,PO00393608,2026-02-04,2026-02-06,68,3182,Order NonMasterPack,34,1.7,35.7
16287236,IF4041437317,32074337,H7P0B7SAI - SAIL 16,PO00393608,2026-02-04,2026-02-06,1,3182,Order Processing,2,0.1,2.1
16287238,IF4041437315,32074335,G7H5B1SAI - SAIL PLEIN 29,PO00393616,2026-02-04,2026-02-06,24,1216,Order NonMasterPack,12,0.6,12.6
16287238,IF4041437315,32074335,G7H5B1SAI - SAIL PLEIN 29,PO00393616,2026-02-04,2026-02-06,1,1216,Order Processing,2,0.1,2.1
16287240,IF4041437313,32074333,J7V0N3SAI - SAIL 27,PO00393615,2026-02-04,2026-02-06,57,2321,Order NonMasterPack,28.5,1.43,29.93
16287240,IF4041437313,32074333,J7V0N3SAI - SAIL 27,PO00393615,2026-02-04,2026-02-06,1,2321,Order Processing,2,0.1,2.1
16287237,IF4041437316,32074336,N3C1Z4SAI - SAIL 26,PO00393614,2026-02-04,2026-02-06,1,1152,Order Processing,2,0.1,2.1
16287237,IF4041437316,32074336,N3C1Z4SAI - SAIL 26,PO00393614,2026-02-04,2026-02-06,23,1152,Order NonMasterPack,11.5,0.58,12.08
16280167,IF4041436693,32038688,H4S1N1ALT - ALTITUDE SPORTS,OTX003SP26TEN,2026-02-02,2026-02-10,424,21469.5,Order NonMasterPack,212,10.6,222.6
16280167,IF4041436693,32038688,H4S1N1ALT - ALTITUDE SPORTS,OTX003SP26TEN,2026-02-02,2026-02-10,7,21469.5,Order Master Pack Carton,14,0.7,14.7
16280167,IF4041436693,32038688,H4S1N1ALT - ALTITUDE SPORTS,OTX003SP26TEN,2026-02-02,2026-02-10,1,21469.5,Order Processing,2,0.1,2.1
16232300,IF4041434865,31914672,V4K0C2WIN - WINNERS MERCHANT INTERNATIONAL,30 274712 Dept 26,2026-01-16,2026-02-10,57,997.5,Order NonMasterPack,28.5,1.43,29.93
16232300,IF4041434865,31914672,V4K0C2WIN - WINNERS MERCHANT INTERNATIONAL,30 274712 Dept 26,2026-01-16,2026-02-10,1,997.5,Order Processing,2,0.1,2.1
16232296,IF4041434861,31914668,V4K0C2WIN - WINNERS MERCHANT INTERNATIONAL,30 274725 Dept 26,2026-01-16,2026-02-10,852,48632.5,Order NonMasterPack,426,21.3,447.3
16232296,IF4041434861,31914668,V4K0C2WIN - WINNERS MERCHANT INTERNATIONAL,30 274725 Dept 26,2026-01-16,2026-02-10,22,48632.5,Order Master Pack Carton,44,2.2,46.2
16232296,IF4041434861,31914668,V4K0C2WIN - WINNERS MERCHANT INTERNATIONAL,30 274725 Dept 26,2026-01-16,2026-02-10,1,48632.5,Order Processing,2,0.1,2.1
16232298,IF4041434863,31914669,V4K0C2WIN - WINNERS MERCHANT INTERNATIONAL,30 274735 Dept 26,2026-01-16,2026-02-10,3,52.5,Order NonMasterPack,1.5,0.08,1.58
16232298,IF4041434863,31914669,V4K0C2WIN - WINNERS MERCHANT INTERNATIONAL,30 274735 Dept 26,2026-01-16,2026-02-10,1,52.5,Order Processing,2,0.1,2.1
16232301,IF4041434868,31914674,V4K0C2WIN - WINNERS MERCHANT INTERNATIONAL,30 274743 Dept 26,2026-01-16,2026-02-10,1,13505,Order Processing,2,0.1,2.1
16232301,IF4041434868,31914674,V4K0C2WIN - WINNERS MERCHANT INTERNATIONAL,30 274743 Dept 26,2026-01-16,2026-02-10,4,13505,Order Master Pack Carton,8,0.4,8.4
16232301,IF4041434868,31914674,V4K0C2WIN - WINNERS MERCHANT INTERNATIONAL,30 274743 Dept 26,2026-01-16,2026-02-10,390,13505,Order NonMasterPack,195,9.75,204.75
16232297,IF4041434862,31914670,V4K0C2WIN - WINNERS MERCHANT INTERNATIONAL,30 274722 Dept 26,2026-01-16,2026-02-10,1,22.5,Order Processing,2,0.1,2.1
16232297,IF4041434862,31914670,V4K0C2WIN - WINNERS MERCHANT INTERNATIONAL,30 274722 Dept 26,2026-01-16,2026-02-10,1,22.5,Order NonMasterPack,0.5,0.03,0.53
16232299,IF4041434864,31914671,V4K0C2WIN - WINNERS MERCHANT INTERNATIONAL,30 274724 Dept 26,2026-01-16,2026-02-10,128,38390,Order Master Pack Carton,256,12.8,268.8
16232299,IF4041434864,31914671,V4K0C2WIN - WINNERS MERCHANT INTERNATIONAL,30 274724 Dept 26,2026-01-16,2026-02-10,1,38390,Order Processing,2,0.1,2.1
16232299,IF4041434864,31914671,V4K0C2WIN - WINNERS MERCHANT INTERNATIONAL,30 274724 Dept 26,2026-01-16,2026-02-10,63,38390,Order NonMasterPack,31.5,1.58,33.08
16287239,IF4041437314,32074334,K1G3X8SAI - SAIL 21,PO00393611,2026-02-04,2026-02-10,1,3539.5,Order Processing,2,0.1,2.1
16287239,IF4041437314,32074334,K1G3X8SAI - SAIL 21,PO00393611,2026-02-04,2026-02-10,99,3539.5,Order NonMasterPack,49.5,2.48,51.98
16287241,IF4041437312,32074332,L1J0B6SAI - SAIL 23,PO00393612,2026-02-04,2026-02-10,38,1622,Order NonMasterPack,19,0.95,19.95
16287241,IF4041437312,32074332,L1J0B6SAI - SAIL 23,PO00393612,2026-02-04,2026-02-10,1,1622,Order Processing,2,0.1,2.1
16287242,IF4041437311,32074331,L7P0N6SAI - SAIL 24,PO00393613,2026-02-04,2026-02-10,1,1480,Order Processing,2,0.1,2.1
16287242,IF4041437311,32074331,L7P0N6SAI - SAIL 24,PO00393613,2026-02-04,2026-02-10,30,1480,Order NonMasterPack,15,0.75,15.75
16287243,IF4041437310,32074330,J4G1R3SAI - SAIL 80,PO00393619,2026-02-04,2026-02-10,1,3059,Order Processing,2,0.1,2.1
16287243,IF4041437310,32074330,J4G1R3SAI - SAIL 80,PO00393619,2026-02-04,2026-02-10,66,3059,Order NonMasterPack,33,1.65,34.65
16287245,IF4041437308,32074328,J6V1N9SAI - SAIL 30,PO00393617,2026-02-04,2026-02-10,1,2156,Order Processing,2,0.1,2.1
16287245,IF4041437308,32074328,J6V1N9SAI - SAIL 30,PO00393617,2026-02-04,2026-02-10,44,2156,Order NonMasterPack,22,1.1,23.1
16287246,IF4041437307,32074327,J1L3A6SAI - SAIL 31 - SHERBROOKE,PO00393618,2026-02-04,2026-02-10,31,1544,Order NonMasterPack,15.5,0.78,16.28
16287246,IF4041437307,32074327,J1L3A6SAI - SAIL 31 - SHERBROOKE,PO00393618,2026-02-04,2026-02-10,1,1544,Order Processing,2,0.1,2.1
16287247,IF4041437306,32074326,J3G0S5SAI - SAIL 15,PO00393607,2026-02-04,2026-02-10,76,3564,Order NonMasterPack,38,1.9,39.9
16287247,IF4041437306,32074326,J3G0S5SAI - SAIL 15,PO00393607,2026-02-04,2026-02-10,1,3564,Order Processing,2,0.1,2.1
16287235,IF4041437318,32074338,J4Y0G4SAI - SAIL 18,PO00393610,2026-02-04,2026-02-10,68,3182,Order NonMasterPack,34,1.7,35.7
16287235,IF4041437318,32074338,J4Y0G4SAI - SAIL 18,PO00393610,2026-02-04,2026-02-10,1,3182,Order Processing,2,0.1,2.1
16287244,IF4041437309,32074329,G2J0B8SAI - SAIL 17,PO00393609,2026-02-04,2026-02-10,99,4351,Order NonMasterPack,49.5,2.48,51.98
16287244,IF4041437309,32074329,G2J0B8SAI - SAIL 17,PO00393609,2026-02-04,2026-02-10,1,4351,Order Processing,2,0.1,2.1
16298936,IF4041437590,32093238,V0R2Z0TOF - TOFINO FISHING AND TRADING,HATSTEN1,2026-02-09,2026-02-11,1,540,Order Processing,2,0.1,2.1
16298936,IF4041437590,32093238,V0R2Z0TOF - TOFINO FISHING AND TRADING,HATSTEN1,2026-02-09,2026-02-11,24,540,Order NonMasterPack,12,0.6,12.6
16232305,IF4041434886,31914694,V4K0C2WIN - WINNERS MERCHANT INTERNATIONAL,30 308961 Dept 4,2026-01-16,2026-02-11,115,2587.5,Order NonMasterPack,57.5,2.88,60.38
16232305,IF4041434886,31914694,V4K0C2WIN - WINNERS MERCHANT INTERNATIONAL,30 308961 Dept 4,2026-01-16,2026-02-11,1,2587.5,Order Processing,2,0.1,2.1
16232302,IF4041434883,31914690,V4K0C2WIN - WINNERS MERCHANT INTERNATIONAL,30 308930 Dept 4,2026-01-16,2026-02-11,1,306,Order Processing,2,0.1,2.1
16232302,IF4041434883,31914690,V4K0C2WIN - WINNERS MERCHANT INTERNATIONAL,30 308930 Dept 4,2026-01-16,2026-02-11,9,306,Order NonMasterPack,4.5,0.23,4.73
16232304,IF4041434885,31914692,V4K0C2WIN - WINNERS MERCHANT INTERNATIONAL,30 308973 Dept 4,2026-01-16,2026-02-11,4,5439,Order Master Pack Carton,8,0.4,8.4
16232304,IF4041434885,31914692,V4K0C2WIN - WINNERS MERCHANT INTERNATIONAL,30 308973 Dept 4,2026-01-16,2026-02-11,41,5439,Order NonMasterPack,20.5,1.03,21.53
16232304,IF4041434885,31914692,V4K0C2WIN - WINNERS MERCHANT INTERNATIONAL,30 308973 Dept 4,2026-01-16,2026-02-11,1,5439,Order Processing,2,0.1,2.1
16232309,IF4041434890,31914697,V4K0C2WIN - WINNERS MERCHANT INTERNATIONAL,30 308987 Dept 4,2026-01-16,2026-02-11,226,11518.4,Order NonMasterPack,113,5.65,118.65
16232309,IF4041434890,31914697,V4K0C2WIN - WINNERS MERCHANT INTERNATIONAL,30 308987 Dept 4,2026-01-16,2026-02-11,2,11518.4,Order Master Pack Carton,4,0.2,4.2
16232309,IF4041434890,31914697,V4K0C2WIN - WINNERS MERCHANT INTERNATIONAL,30 308987 Dept 4,2026-01-16,2026-02-11,1,11518.4,Order Processing,2,0.1,2.1
16232308,IF4041434889,31914696,V4K0C2WIN - WINNERS MERCHANT INTERNATIONAL,30 308835 Dept 4,2026-01-16,2026-02-11,1,14168.6,Order Master Pack Carton,2,0.1,2.1
16232308,IF4041434889,31914696,V4K0C2WIN - WINNERS MERCHANT INTERNATIONAL,30 308835 Dept 4,2026-01-16,2026-02-11,195,14168.6,Order NonMasterPack,97.5,4.88,102.38
16232308,IF4041434889,31914696,V4K0C2WIN - WINNERS MERCHANT INTERNATIONAL,30 308835 Dept 4,2026-01-16,2026-02-11,1,14168.6,Order Processing,2,0.1,2.1
16232307,IF4041434888,31914695,V4K0C2WIN - WINNERS MERCHANT INTERNATIONAL,30 308782 Dept 4,2026-01-16,2026-02-11,133,6122.2,Order NonMasterPack,66.5,3.33,69.83
16232307,IF4041434888,31914695,V4K0C2WIN - WINNERS MERCHANT INTERNATIONAL,30 308782 Dept 4,2026-01-16,2026-02-11,1,6122.2,Order Processing,2,0.1,2.1
16232303,IF4041434884,31914691,V4K0C2WIN - WINNERS MERCHANT INTERNATIONAL,30 308988 Dept 4,2026-01-16,2026-02-11,66,2574,Order NonMasterPack,33,1.65,34.65
16232303,IF4041434884,31914691,V4K0C2WIN - WINNERS MERCHANT INTERNATIONAL,30 308988 Dept 4,2026-01-16,2026-02-11,1,2574,Order Processing,2,0.1,2.1
16232306,IF4041434887,31914693,V4K0C2WIN - WINNERS MERCHANT INTERNATIONAL,30 308964 Dept 4,2026-01-16,2026-02-11,4,12177,Order Master Pack Carton,8,0.4,8.4
16232306,IF4041434887,31914693,V4K0C2WIN - WINNERS MERCHANT INTERNATIONAL,30 308964 Dept 4,2026-01-16,2026-02-11,1,12177,Order Processing,2,0.1,2.1
16232306,IF4041434887,31914693,V4K0C2WIN - WINNERS MERCHANT INTERNATIONAL,30 308964 Dept 4,2026-01-16,2026-02-11,179,12177,Order NonMasterPack,89.5,4.48,93.98
16232310,IF4041434906,31914707,V4K0C2WIN - WINNERS MERCHANT INTERNATIONAL,30 308784 Dept 4,2026-01-16,2026-02-11,848,19919.75,Order NonMasterPack,424,21.2,445.2
16232310,IF4041434906,31914707,V4K0C2WIN - WINNERS MERCHANT INTERNATIONAL,30 308784 Dept 4,2026-01-16,2026-02-11,1,19919.75,Order Master Pack Carton,2,0.1,2.1
16232310,IF4041434906,31914707,V4K0C2WIN - WINNERS MERCHANT INTERNATIONAL,30 308784 Dept 4,2026-01-16,2026-02-11,1,19919.75,Order Processing,2,0.1,2.1
16298873,IF4041437723,32093374,J2G8K1SPO - Sports Experts 410,Shelf Talker,2026-02-09,2026-02-12,1,0,Order NonMasterPack,0.5,0.03,0.53
16298873,IF4041437723,32093374,J2G8K1SPO - Sports Experts 410,Shelf Talker,2026-02-09,2026-02-12,1,0,Order Processing,2,0.1,2.1
16280157,IF4041437058,32058374,L5W1Y6NLS - NLS-SPORTING LIFE,SLI-066292,2026-02-02,2026-02-13,1,585,Order Processing,2,0.1,2.1
16280157,IF4041437058,32058374,L5W1Y6NLS - NLS-SPORTING LIFE,SLI-066292,2026-02-02,2026-02-13,26,585,Order NonMasterPack,13,0.65,13.65
16280152,IF4041437063,32058379,L5W1Y6NLS - NLS-SPORTING LIFE,SLI-066267,2026-02-02,2026-02-13,100,2250,Order NonMasterPack,50,2.5,52.5
16280152,IF4041437063,32058379,L5W1Y6NLS - NLS-SPORTING LIFE,SLI-066267,2026-02-02,2026-02-13,1,2250,Order Processing,2,0.1,2.1
16280165,IF4041437050,32058366,L5W1Y6NLS - NLS-SPORTING LIFE,SLI-066296,2026-02-02,2026-02-13,1,675,Order Processing,2,0.1,2.1
16280165,IF4041437050,32058366,L5W1Y6NLS - NLS-SPORTING LIFE,SLI-066296,2026-02-02,2026-02-13,30,675,Order NonMasterPack,15,0.75,15.75
16280164,IF4041437051,32058367,L5W1Y6NLS - NLS-SPORTING LIFE,SLI-066286,2026-02-02,2026-02-13,1,585,Order Processing,2,0.1,2.1
16280164,IF4041437051,32058367,L5W1Y6NLS - NLS-SPORTING LIFE,SLI-066286,2026-02-02,2026-02-13,26,585,Order NonMasterPack,13,0.65,13.65
16280161,IF4041437054,32058370,L5W1Y6NLS - NLS-SPORTING LIFE,SLI-066284,2026-02-02,2026-02-13,1,450,Order Processing,2,0.1,2.1
16280161,IF4041437054,32058370,L5W1Y6NLS - NLS-SPORTING LIFE,SLI-066284,2026-02-02,2026-02-13,20,450,Order NonMasterPack,10,0.5,10.5
16280156,IF4041437059,32058375,L5W1Y6NLS - NLS-SPORTING LIFE,SLI-066282,2026-02-02,2026-02-13,1,585,Order Processing,2,0.1,2.1
16280156,IF4041437059,32058375,L5W1Y6NLS - NLS-SPORTING LIFE,SLI-066282,2026-02-02,2026-02-13,26,585,Order NonMasterPack,13,0.65,13.65
16280159,IF4041437056,32058372,L5W1Y6NLS - NLS-SPORTING LIFE,SLI-066280,2026-02-02,2026-02-13,1,675,Order Processing,2,0.1,2.1
16280159,IF4041437056,32058372,L5W1Y6NLS - NLS-SPORTING LIFE,SLI-066280,2026-02-02,2026-02-13,30,675,Order NonMasterPack,15,0.75,15.75
16280162,IF4041437053,32058369,L5W1Y6NLS - NLS-SPORTING LIFE,SLI-066300,2026-02-02,2026-02-13,1,450,Order Processing,2,0.1,2.1
16280162,IF4041437053,32058369,L5W1Y6NLS - NLS-SPORTING LIFE,SLI-066300,2026-02-02,2026-02-13,20,450,Order NonMasterPack,10,0.5,10.5
16280151,IF4041437064,32058380,L5W1Y6NLS - NLS-SPORTING LIFE,SLI-066302,2026-02-02,2026-02-13,1,585,Order Processing,2,0.1,2.1
16280151,IF4041437064,32058380,L5W1Y6NLS - NLS-SPORTING LIFE,SLI-066302,2026-02-02,2026-02-13,26,585,Order NonMasterPack,13,0.65,13.65
16280153,IF4041437062,32058378,L5W1Y6NLS - NLS-SPORTING LIFE,SLI-066290,2026-02-02,2026-02-13,1,585,Order Processing,2,0.1,2.1
16280153,IF4041437062,32058378,L5W1Y6NLS - NLS-SPORTING LIFE,SLI-066290,2026-02-02,2026-02-13,26,585,Order NonMasterPack,13,0.65,13.65
16280158,IF4041437057,32058373,L5W1Y6NLS - NLS-SPORTING LIFE,SLI-066288,2026-02-02,2026-02-13,1,585,Order Processing,2,0.1,2.1
16280158,IF4041437057,32058373,L5W1Y6NLS - NLS-SPORTING LIFE,SLI-066288,2026-02-02,2026-02-13,26,585,Order NonMasterPack,13,0.65,13.65
16280154,IF4041437061,32058377,L5W1Y6NLS - NLS-SPORTING LIFE,SLI-066298,2026-02-02,2026-02-13,1,585,Order Processing,2,0.1,2.1
16280154,IF4041437061,32058377,L5W1Y6NLS - NLS-SPORTING LIFE,SLI-066298,2026-02-02,2026-02-13,26,585,Order NonMasterPack,13,0.65,13.65
16280160,IF4041437055,32058371,L5W1Y6NLS - NLS-SPORTING LIFE,SLI-066306,2026-02-02,2026-02-13,1,675,Order Processing,2,0.1,2.1
16280160,IF4041437055,32058371,L5W1Y6NLS - NLS-SPORTING LIFE,SLI-066306,2026-02-02,2026-02-13,30,675,Order NonMasterPack,15,0.75,15.75
16280155,IF4041437060,32058376,L5W1Y6NLS - NLS-SPORTING LIFE,SLI-066304,2026-02-02,2026-02-13,1,450,Order Processing,2,0.1,2.1
16280155,IF4041437060,32058376,L5W1Y6NLS - NLS-SPORTING LIFE,SLI-066304,2026-02-02,2026-02-13,20,450,Order NonMasterPack,10,0.5,10.5
16280163,IF4041437052,32058368,L5W1Y6NLS - NLS-SPORTING LIFE,SLI-066294,2026-02-02,2026-02-13,30,675,Order NonMasterPack,15,0.75,15.75
16280163,IF4041437052,32058368,L5W1Y6NLS - NLS-SPORTING LIFE,SLI-066294,2026-02-02,2026-02-13,1,675,Order Processing,2,0.1,2.1
Receipt,Client Ref 1,Client Ref 2,Shipped From,BOL Number,,,,,Service,,,
1020330,PO04641,30696888,,8.88234E+11,2026-02-02,2026-02-04,126,0,Receipt Mixed Carton Unit,22.68,1.13,23.81
1020330,PO04641,30696888,,8.88234E+11,2026-02-02,2026-02-04,1,0,Receipt Processing,10,0.5,10.5
1020330,PO04641,30696888,,8.88234E+11,2026-02-02,2026-02-04,176,0,Receiving,12.32,0.62,12.94
1020330,PO04641,30696888,,8.88234E+11,2026-02-02,2026-02-04,176,0,Storage,8.8,0.44,9.24
1019624,PO04641,30696888,,TRHU4013406,2026-01-30,2026-02-05,22017,0,Receiving,1541.19,77.06,1618.25
1019624,PO04641,30696888,,TRHU4013406,2026-01-30,2026-02-05,1,0,Receipt Processing,10,0.5,10.5
1019624,PO04641,30696888,,TRHU4013406,2026-01-30,2026-02-05,6654,0,Receipt Mixed Carton Unit,1197.72,59.89,1257.61
1019624,PO04641,30696888,,TRHU4013406,2026-01-30,2026-02-05,316,0,Inbound Units Audit,56.88,2.84,59.72
1019624,PO04641,30696888,,TRHU4013406,2026-01-30,2026-02-05,22017,0,Storage,1100.85,55.04,1155.89
1020468,PO04665,30696912,,1349369,2026-02-02,2026-02-06,1,0,Receipt Processing,10,0.5,10.5
1020468,PO04665,30696912,,1349369,2026-02-02,2026-02-06,317,0,Receipt Mixed Carton Unit,57.06,2.85,59.91
1020468,PO04665,30696912,,1349369,2026-02-02,2026-02-06,2939,0,Receiving,205.73,10.29,216.02
1020468,PO04665,30696912,,1349369,2026-02-02,2026-02-06,2939,0,Storage,146.95,7.35,154.3
1014967,PO04677,30696924,,1458541,2026-01-19,2026-02-10,167,0,Receiving,11.69,0.58,12.27
1014967,PO04677,30696924,,1458541,2026-01-19,2026-02-10,1,0,Receipt Processing,10,0.5,10.5
1014967,PO04677,30696924,,1458541,2026-01-19,2026-02-10,64,0,Receipt Mixed Carton Unit,11.52,0.58,12.1
1014967,PO04677,30696924,,1458541,2026-01-19,2026-02-10,167,0,Storage,8.35,0.42,8.77
1021508,PO04650,30696897,,1489804,2026-02-04,2026-02-10,80,0,Inbound Units Audit,14.4,0.72,15.12
1021508,PO04650,30696897,,1489804,2026-02-04,2026-02-10,1,0,Receipt Processing,10,0.5,10.5
1021508,PO04650,30696897,,1489804,2026-02-04,2026-02-10,5177,0,Receiving,362.39,18.12,380.51
1021508,PO04650,30696897,,1489804,2026-02-04,2026-02-10,782,0,Receipt Mixed Carton Unit,140.76,7.04,147.8
1021508,PO04650,30696897,,1489804,2026-02-04,2026-02-10,5177,0,Storage,258.85,12.94,271.79
1020747,PO04662,30696909,,1489805,2026-02-03,2026-02-10,3294,0,Receiving,230.58,11.53,242.11
1020747,PO04662,30696909,,1489805,2026-02-03,2026-02-10,1,0,Receipt Processing,10,0.5,10.5
1020747,PO04662,30696909,,1489805,2026-02-03,2026-02-10,369,0,Receipt Mixed Carton Unit,66.42,3.32,69.74
1020747,PO04662,30696909,,1489805,2026-02-03,2026-02-10,3294,0,Storage,164.7,8.24,172.94
1020840,PO04665,30696912,,1489803,2026-02-03,2026-02-10,8843,0,Receiving,619.01,30.95,649.96
1020840,PO04665,30696912,,1489803,2026-02-03,2026-02-10,4166,0,Receipt Mixed Carton Unit,749.88,37.49,787.37
1020840,PO04665,30696912,,1489803,2026-02-03,2026-02-10,1,0,Receipt Processing,10,0.5,10.5
1020840,PO04665,30696912,,1489803,2026-02-03,2026-02-10,136,0,Inbound Units Audit,24.48,1.22,25.7
1020840,PO04665,30696912,,1489803,2026-02-03,2026-02-10,8843,0,Storage,442.15,22.11,464.26
1023388,PO04650,30696897,,1489804,2026-02-11,2026-02-11,2,0,Receiving,0.14,0.01,0.15
1023388,PO04650,30696897,,1489804,2026-02-11,2026-02-11,1,0,Receipt Processing,10,0.5,10.5
1023388,PO04650,30696897,,1489804,2026-02-11,2026-02-11,2,0,Storage,0.1,0.01,0.11
Return,Client Ref 1,Client Ref 2,Shipped From,BOL Number,,,,,Service,,,
1020618,4256586-588,,FGL SPORT LTEE (H7P6C8FGL),8.88099E+11,2026-02-03,2026-02-03,0,0,Service Center Labor,15.59,0.78,16.37
1020618,4256586-588,,FGL SPORT LTEE (H7P6C8FGL),8.88099E+11,2026-02-03,2026-02-03,99,0,Restock,24.75,1.24,25.99
1020618,4256586-588,,FGL SPORT LTEE (H7P6C8FGL),8.88099E+11,2026-02-03,2026-02-03,99,0,Returns,67.73,3.39,71.12
1020618,4256586-588,,FGL SPORT LTEE (H7P6C8FGL),8.88099E+11,2026-02-03,2026-02-03,99,0,Storage,4.95,0.25,5.2
Inbound Shipment,Client Ref 1,Client Ref 2,Shipped From,BOL Number,,,,,Service,,,
978817,,,,TRHU4013406,2026-02-02,2026-02-05,11,0,Inbound Pallets,171.6,8.58,180.18
Shipment,Client Ref 1,Client Ref 2,Customer,BOL Number,,,,,Service,,,
14405641,IF4041394730,2025_11_01_02_01B,J3V6A8SPO - SPORTS EXPERTS - ATMOSPHERE 584,1Z2VW7552091384469,2026-02-13,2025-11-01,0,0,Outbound Freight,2.55,0.13,2.68
14405756,IF4041394558,2025_11_01_02_01B,N0B2N0CHA - CHANGE LIFESTYLE & APPAREL,1Z2VW7552094202042,2026-02-13,2025-11-08,0,0,Outbound Freight,3.74,0.49,4.23
14405733,IF4041394559,2025_11_01_02_01B,L3Y3Y9KAR - KARLA WILSON dba METROPOLIS MERCANTILE &,1Z2VW7552094689581,2026-02-13,2025-11-22,0,0,Outbound Freight,3.48,0.45,3.93
14404393,IF4041395607,2025_11_01_02_01B,K2A1H1TRA - TRAILHEAD PADDLE SHACK,5.2015E+11,2026-02-13,2025-11-22,0,0,Outbound Freight,0.4,0.05,0.45
14405344,IF4041397933,2025_11_01_02_01B,N0B2N0CHA - CHANGE LIFESTYLE & APPAREL,1Z2VW7552091684082,2026-02-13,2025-11-29,0,0,Outbound Freight,1.47,0.19,1.66
14404008,IF4041411095,2025_11_01_02_01B,T0E1E0BOM - BOMBSHELL,LSHP45274893,2026-02-13,2025-12-05,0,0,Outbound Freight,0.14,0.01,0.15
14405622,IF4041396794,2025_11_01_02_01B,A0P1E0MIN - MINIPI OUTFITTERS,1Z2VW7552092089750,2026-02-13,2025-12-06,0,0,Outbound Freight,2.46,0.37,2.83
14405605,IF4041398668,2025_11_01_02_01B,K1V9B4961 - 9613 Paradies Ottawa,5.20182E+11,2026-02-13,2025-12-06,0,0,Outbound Freight,2.36,0.31,2.67
14405433,IF4041401009,2025_11_01_02_01B,E5B1A8MY - MY SPACE GIFT SHOP,1Z2VW7552098324207,2026-02-13,2025-12-06,0,0,Outbound Freight,1.74,0.26,2
14405219,IF4041408752,2025_11_01_02_01B,L6T4H8THE - The Nuance Group (Canada) Inc,5.20205E+11,2026-02-13,2025-12-13,0,0,Outbound Freight,1.28,0.17,1.45
14404085,IF4041410017,2025_11_01_02_01B,V8L3S8BC - BC Ferries Retail Department,1Z2VW7552092980698,2026-02-13,2025-12-13,0,0,Outbound Freight,0.23,0.01,0.24
14404017,IF4041417315,2025_11_01_02_01B,V8B0B6SEA - SEA TO SKY GONDOLA,1Z2VW7552091417183,2026-02-13,2025-12-13,0,0,Outbound Freight,0.15,0.01,0.16
14404024,IF4041417341,2025_11_01_02_01B,V0N2R0THE - THE CLOTHES INN,4.00747E+15,2026-02-13,2025-12-13,0,0,Outbound Freight,0.17,0.01,0.18
14403973,IF4041418267,2025_11_01_02_01B,V0N2J2ALL - ALLISON TAYLOR dba INIS TRADING CO,4.00747E+15,2026-02-13,2025-12-13,0,0,Outbound Freight,0.08,0,0.08
14404422,IF4041419228,2025_11_01_02_01B,K1V9B4961 - 9613 Paradies Ottawa,5.20235E+11,2026-02-13,2025-12-20,0,0,Outbound Freight,0.41,0.05,0.46
14405866,IF4041420218,2025_11_01_02_01B,V8B0B6SEA - SEA TO SKY GONDOLA,1Z2VW7552099766069,2026-02-13,2025-12-20,0,0,Outbound Freight,6.32,0.32,6.64
14405483,IF4041434094,2025_11_01_02_01B,T1L1B2BAN - Banff Gondola – BGS,LSHP46142293,2026-02-13,2026-01-16,0,0,Outbound Freight,1.96,0.1,2.06
14348071,IF4041436694,32038689,V0R2G0SWO - SWORDFERN BOUTIQUE,5.20321E+11,2026-02-02,2026-02-04,4,324.45,Outbound Shipment Materials,4.06,0.48,4.54
14348071,IF4041436694,32038689,V0R2G0SWO - SWORDFERN BOUTIQUE,5.20321E+11,2026-02-02,2026-02-04,7,324.45,Outbound Freight,15.62,0.78,16.4
14355251,IF4041437317,32074337,H7P0B7SAI - SAIL 16,1Z2VW7552090585995,2026-02-04,2026-02-06,9,3182,Outbound Shipment Materials,8.71,1.05,9.76
14355251,IF4041437317,32074337,H7P0B7SAI - SAIL 16,1Z2VW7552090585995,2026-02-04,2026-02-06,68,3182,Outbound Freight,32.42,1.62,34.04
14355251,IF4041437317,32074337,H7P0B7SAI - SAIL 16,1Z2VW7552090585995,2026-02-04,2026-02-06,2,3182,EDI Labels,2,0.1,2.1
14355253,IF4041437315,32074335,G7H5B1SAI - SAIL PLEIN 29,1Z2VW7552098992012,2026-02-04,2026-02-06,4,1216,Outbound Shipment Materials,4.06,0.48,4.54
14355253,IF4041437315,32074335,G7H5B1SAI - SAIL PLEIN 29,1Z2VW7552098992012,2026-02-04,2026-02-06,24,1216,Outbound Freight,28.64,1.43,30.07
14355253,IF4041437315,32074335,G7H5B1SAI - SAIL PLEIN 29,1Z2VW7552098992012,2026-02-04,2026-02-06,1,1216,EDI Labels,1,0.05,1.05
14355255,IF4041437313,32074333,J7V0N3SAI - SAIL 27,1Z2VW7552090016215,2026-02-04,2026-02-06,1,2321,EDI Labels,1,0.05,1.05
14355255,IF4041437313,32074333,J7V0N3SAI - SAIL 27,1Z2VW7552090016215,2026-02-04,2026-02-06,57,2321,Outbound Freight,28.06,1.4,29.46
14355255,IF4041437313,32074333,J7V0N3SAI - SAIL 27,1Z2VW7552090016215,2026-02-04,2026-02-06,7,2321,Outbound Shipment Materials,7.12,0.86,7.98
14355252,IF4041437316,32074336,N3C1Z4SAI - SAIL 26,5.20326E+11,2026-02-04,2026-02-06,23,1152,Outbound Freight,23.42,2.72,26.14
14355252,IF4041437316,32074336,N3C1Z4SAI - SAIL 26,5.20326E+11,2026-02-04,2026-02-06,1,1152,EDI Labels,1,0.05,1.05
14355252,IF4041437316,32074336,N3C1Z4SAI - SAIL 26,5.20326E+11,2026-02-04,2026-02-06,5,1152,Outbound Shipment Materials,4.65,0.56,5.21
14351672,IF4041436693,32038688,H4S1N1ALT - ALTITUDE SPORTS,5.20328E+11,2026-02-03,2026-02-10,45,21469.5,Outbound Shipment Materials,45.1,5.42,50.52
14351672,IF4041436693,32038688,H4S1N1ALT - ALTITUDE SPORTS,5.20328E+11,2026-02-03,2026-02-10,491,21469.5,Outbound Freight,190.88,9.54,200.42
14330799,IF4041434861,Consolidated Shipment,V4K0C2WIN - WINNERS MERCHANT INTERNATIONAL,16920539,2026-01-27,2026-02-10,1,101600,Manual BOL,12,0.6,12.6
14330799,IF4041434861,Consolidated Shipment,V4K0C2WIN - WINNERS MERCHANT INTERNATIONAL,16920539,2026-01-27,2026-02-10,138,101600,Outbound Shipment Materials,137.92,16.55,154.47
14330799,IF4041434861,Consolidated Shipment,V4K0C2WIN - WINNERS MERCHANT INTERNATIONAL,16920539,2026-01-27,2026-02-10,172,101600,EDI Labels,172,8.6,180.6
14330799,IF4041434861,Consolidated Shipment,V4K0C2WIN - WINNERS MERCHANT INTERNATIONAL,16920539,2026-01-27,2026-02-10,6,101600,Pallet Prep,63,3.15,66.15
14330799,IF4041434861,Consolidated Shipment,V4K0C2WIN - WINNERS MERCHANT INTERNATIONAL,16920539,2026-01-27,2026-02-10,1,101600,Outbound Freight,36,1.8,37.8
14355254,IF4041437314,32074334,K1G3X8SAI - SAIL 21,5.20329E+11,2026-02-04,2026-02-10,2,3539.5,EDI Labels,2,0.1,2.1
14355254,IF4041437314,32074334,K1G3X8SAI - SAIL 21,5.20329E+11,2026-02-04,2026-02-10,11,3539.5,Outbound Shipment Materials,11.18,1.34,12.52
14355254,IF4041437314,32074334,K1G3X8SAI - SAIL 21,5.20329E+11,2026-02-04,2026-02-10,99,3539.5,Outbound Freight,36.68,4.45,41.13
14355256,IF4041437312,32074332,L1J0B6SAI - SAIL 23,5.20329E+11,2026-02-04,2026-02-10,38,1622,Outbound Freight,23.42,2.72,26.14
14355256,IF4041437312,32074332,L1J0B6SAI - SAIL 23,5.20329E+11,2026-02-04,2026-02-10,1,1622,EDI Labels,1,0.05,1.05
14355256,IF4041437312,32074332,L1J0B6SAI - SAIL 23,5.20329E+11,2026-02-04,2026-02-10,4,1622,Outbound Shipment Materials,4.06,0.48,4.54
14355257,IF4041437311,32074331,L7P0N6SAI - SAIL 24,5.20329E+11,2026-02-04,2026-02-10,4,1480,Outbound Shipment Materials,4.06,0.48,4.54
14355257,IF4041437311,32074331,L7P0N6SAI - SAIL 24,5.20329E+11,2026-02-04,2026-02-10,1,1480,EDI Labels,1,0.05,1.05
14355257,IF4041437311,32074331,L7P0N6SAI - SAIL 24,5.20329E+11,2026-02-04,2026-02-10,30,1480,Outbound Freight,22.57,2.61,25.18
14355258,IF4041437310,32074330,J4G1R3SAI - SAIL 80,5.20329E+11,2026-02-04,2026-02-10,2,3059,EDI Labels,2,0.1,2.1
14355258,IF4041437310,32074330,J4G1R3SAI - SAIL 80,5.20329E+11,2026-02-04,2026-02-10,10,3059,Outbound Shipment Materials,10.05,1.2,11.25
14355258,IF4041437310,32074330,J4G1R3SAI - SAIL 80,5.20329E+11,2026-02-04,2026-02-10,66,3059,Outbound Freight,33.06,1.65,34.71
14355260,IF4041437308,32074328,J6V1N9SAI - SAIL 30,5.20329E+11,2026-02-04,2026-02-10,1,2156,EDI Labels,1,0.05,1.05
14355260,IF4041437308,32074328,J6V1N9SAI - SAIL 30,5.20329E+11,2026-02-04,2026-02-10,44,2156,Outbound Freight,33.07,1.65,34.72
14355260,IF4041437308,32074328,J6V1N9SAI - SAIL 30,5.20329E+11,2026-02-04,2026-02-10,5,2156,Outbound Shipment Materials,4.65,0.56,5.21
14355261,IF4041437307,32074327,J1L3A6SAI - SAIL 31 - SHERBROOKE,5.20329E+11,2026-02-04,2026-02-10,4,1544,Outbound Shipment Materials,4.06,0.48,4.54
14355261,IF4041437307,32074327,J1L3A6SAI - SAIL 31 - SHERBROOKE,5.20329E+11,2026-02-04,2026-02-10,31,1544,Outbound Freight,28.34,1.42,29.76
14355261,IF4041437307,32074327,J1L3A6SAI - SAIL 31 - SHERBROOKE,5.20329E+11,2026-02-04,2026-02-10,1,1544,EDI Labels,1,0.05,1.05
14355262,IF4041437306,32074326,J3G0S5SAI - SAIL 15,5.20329E+11,2026-02-04,2026-02-10,9,3564,Outbound Shipment Materials,9.3,1.12,10.42
14355262,IF4041437306,32074326,J3G0S5SAI - SAIL 15,5.20329E+11,2026-02-04,2026-02-10,76,3564,Outbound Freight,41.24,2.06,43.3
14355262,IF4041437306,32074326,J3G0S5SAI - SAIL 15,5.20329E+11,2026-02-04,2026-02-10,2,3564,EDI Labels,2,0.1,2.1
14359198,IF4041437318,32074338,J4Y0G4SAI - SAIL 18,5.20329E+11,2026-02-06,2026-02-10,68,3182,Outbound Freight,33.96,1.7,35.66
14359198,IF4041437318,32074338,J4Y0G4SAI - SAIL 18,5.20329E+11,2026-02-06,2026-02-10,2,3182,EDI Labels,2,0.1,2.1
14359198,IF4041437318,32074338,J4Y0G4SAI - SAIL 18,5.20329E+11,2026-02-06,2026-02-10,10,3182,Outbound Shipment Materials,10.05,1.2,11.25
14359243,IF4041437309,32074329,G2J0B8SAI - SAIL 17,5.20329E+11,2026-02-06,2026-02-10,2,4351,EDI Labels,2,0.1,2.1
14359243,IF4041437309,32074329,G2J0B8SAI - SAIL 17,5.20329E+11,2026-02-06,2026-02-10,99,4351,Outbound Freight,46.34,2.32,48.66
14359243,IF4041437309,32074329,G2J0B8SAI - SAIL 17,5.20329E+11,2026-02-06,2026-02-10,12,4351,Outbound Shipment Materials,11.77,1.41,13.18
14367289,IF4041437590,32093238,V0R2Z0TOF - TOFINO FISHING AND TRADING,LSHP46745495,2026-02-09,2026-02-11,4,540,Outbound Shipment Materials,4.06,0.48,4.54
14367289,IF4041437590,32093238,V0R2Z0TOF - TOFINO FISHING AND TRADING,LSHP46745495,2026-02-09,2026-02-11,1,540,Outbound Freight,1.25,0.06,1.31
14346454,IF4041434883,Consolidated Shipment,V4K0C2WIN - WINNERS MERCHANT INTERNATIONAL,16920540,2026-02-02,2026-02-11,1,74812.45,Manual BOL,12,0.6,12.6
14346454,IF4041434883,Consolidated Shipment,V4K0C2WIN - WINNERS MERCHANT INTERNATIONAL,16920540,2026-02-02,2026-02-11,3,74812.45,Pallet Prep,31.5,1.58,33.08
14346454,IF4041434883,Consolidated Shipment,V4K0C2WIN - WINNERS MERCHANT INTERNATIONAL,16920540,2026-02-02,2026-02-11,64,74812.45,EDI Labels,64,3.2,67.2
14346454,IF4041434883,Consolidated Shipment,V4K0C2WIN - WINNERS MERCHANT INTERNATIONAL,16920540,2026-02-02,2026-02-11,273,74812.45,Outbound Shipment Materials,272.62,32.71,305.33
14346454,IF4041434883,Consolidated Shipment,V4K0C2WIN - WINNERS MERCHANT INTERNATIONAL,16920540,2026-02-02,2026-02-11,1,74812.45,Outbound Freight,48,2.4,50.4
14367293,IF4041437723,32093374,J2G8K1SPO - Sports Experts 410,5.20332E+11,2026-02-09,2026-02-12,1,0,Outbound Freight,17.01,0.85,17.86
14367293,IF4041437723,32093374,J2G8K1SPO - Sports Experts 410,5.20332E+11,2026-02-09,2026-02-12,3,0,Outbound Shipment Materials,2.93,0.36,3.29
14369993,IF4041437064,Consolidated Shipment,L5W1Y6NLS - NLS-SPORTING LIFE,16920541,2026-02-10,2026-02-13,16,10395,EDI Labels,16,0.8,16.8
14369993,IF4041437064,Consolidated Shipment,L5W1Y6NLS - NLS-SPORTING LIFE,16920541,2026-02-10,2026-02-13,61,10395,Outbound Shipment Materials,60.78,7.29,68.07
14369993,IF4041437064,Consolidated Shipment,L5W1Y6NLS - NLS-SPORTING LIFE,16920541,2026-02-10,2026-02-13,1,10395,Manual BOL,12,0.6,12.6
14369993,IF4041437064,Consolidated Shipment,L5W1Y6NLS - NLS-SPORTING LIFE,16920541,2026-02-10,2026-02-13,1,10395,Outbound Freight,72,3.6,75.6
Work Order,Client Ref 1,Client Ref 2,Parent Document,PO Number,,,,,Service,,,
3863037,,,,,2026-02-01,2026-02-01,1,0,Administration Fee,250,12.5,262.5
3863045,,,,,2026-02-01,2026-02-01,1,0,Systems Maintenance,500,25,525
3864237,CC 02-02-2026,,,,2026-02-02,2026-02-02,1,0,Cycle Count,47.25,2.36,49.61
3865022,CC 02-03-2026,,,,2026-02-03,2026-02-03,9,0,Cycle Count,425.25,21.26,446.51
3860935,IF4041436279,32012713,2P000026163,2P000026163,2026-01-28,2026-02-04,4,0,Tagging,212.63,10.63,223.26
3860935,IF4041436279,32012713,2P000026163,2P000026163,2026-01-28,2026-02-04,552,0,Shop Supplies,5.52,0.28,5.8
3860334,IF4041436280,32012714,2P000026163,2P000026163,2026-01-27,2026-02-04,12,0,Tagging,567,28.35,595.35
3865793,CC 02-04-2026,,,,2026-02-04,2026-02-04,10,0,Cycle Count,472.5,23.63,496.13
3866175,IF4041437063,32058379,SLI-066267,SLI-066267,2026-02-05,2026-02-05,462,0,Shop Supplies,4.62,0.23,4.85
3866175,IF4041437063,32058379,SLI-066267,SLI-066267,2026-02-05,2026-02-05,15,0,Warehouse Labour,708.75,35.44,744.19
3866407,Applying SSCC Labels,Winners,,,2026-02-05,2026-02-05,1,0,Vendor Compliance,47.25,2.36,49.61
3864230,IF4041437063,32058379,SLI-066267,SLI-066267,2026-02-02,2026-02-05,1,0,Tagging,35.44,1.77,37.21
3864240,IF4041437059,32058375,SLI-066282,SLI-066282,2026-02-02,2026-02-05,0,0,Tagging,15.59,0.78,16.37
3864233,IF4041437062,32058378,SLI-066290,SLI-066290,2026-02-02,2026-02-05,0,0,Tagging,11.81,0.59,12.4
3864228,IF4041437064,32058380,SLI-066302,SLI-066302,2026-02-02,2026-02-05,0,0,Tagging,15.59,0.78,16.37
3864255,IF4041437056,32058372,SLI-066280,SLI-066280,2026-02-02,2026-02-05,0,0,Tagging,15.59,0.78,16.37
3864242,IF4041437058,32058374,SLI-066292,SLI-066292,2026-02-02,2026-02-05,0,0,Tagging,15.59,0.78,16.37
3866462,CC 02-05-2026,,,,2026-02-05,2026-02-05,11,0,Cycle Count,519.75,25.99,545.74
3864235,IF4041437061,32058377,SLI-066298,SLI-066298,2026-02-02,2026-02-05,0,0,Tagging,11.81,0.59,12.4
3864256,IF4041437055,32058371,SLI-066306,SLI-066306,2026-02-02,2026-02-05,0,0,Tagging,15.59,0.78,16.37
3864261,IF4041437052,32058368,SLI-066294,SLI-066294,2026-02-02,2026-02-05,0,0,Tagging,11.81,0.59,12.4
3864254,IF4041437057,32058373,SLI-066288,SLI-066288,2026-02-02,2026-02-05,0,0,Tagging,11.81,0.59,12.4
3864263,IF4041437050,32058366,SLI-066296,SLI-066296,2026-02-02,2026-02-05,0,0,Tagging,11.81,0.59,12.4
3864262,IF4041437051,32058367,SLI-066286,SLI-066286,2026-02-02,2026-02-05,0,0,Tagging,11.81,0.59,12.4
3864238,IF4041437060,32058376,SLI-066304,SLI-066304,2026-02-02,2026-02-05,0,0,Tagging,11.81,0.59,12.4
3864260,IF4041437053,32058369,SLI-066300,SLI-066300,2026-02-02,2026-02-05,0,0,Tagging,11.81,0.59,12.4
3864259,IF4041437054,32058370,SLI-066284,SLI-066284,2026-02-02,2026-02-05,0,0,Tagging,11.81,0.59,12.4
3867107,Applying SSCC Labels,Sail Shipments,,,2026-02-06,2026-02-06,0,0,Vendor Compliance,8.03,0.4,8.43
3867108,Creating SSCC labels,,,,2026-02-06,2026-02-06,1,0,Data Entry Labour,35.44,1.77,37.21
3867111,CC 02-06-2026,,,,2026-02-06,2026-02-06,10,0,Cycle Count,460.69,23.03,483.72
3868437,CC 02-09-2026,,,,2026-02-09,2026-02-09,9,0,Cycle Count,425.25,21.26,446.51
3868168,Master Carton Error,,,,2026-02-09,2026-02-09,3,0,Warehouse Labour,141.75,7.09,148.84
3868771,Creating SSCC labels,,,,2026-02-10,2026-02-10,1,0,Data Entry Labour,35.44,1.77,37.21
3868774,Applying SSCC Labels,,,,2026-02-10,2026-02-10,0,0,Vendor Compliance,11.81,0.59,12.4
3868785,Applying SSCC Labels,,,,2026-02-10,2026-02-10,0,0,Vendor Compliance,11.81,0.59,12.4
3869240,CC 02-10-2026,,,,2026-02-10,2026-02-10,10,0,Cycle Count,496.13,24.81,520.94
3869812,IF4041436281,32012715,184219,184219,2026-02-11,2026-02-11,67,0,Shop Supplies,0.67,0.03,0.7
3869812,IF4041436281,32012715,184219,184219,2026-02-11,2026-02-11,1,0,Warehouse Labour,47.25,2.36,49.61
3869916,IF4041438233,32118818,184218,184218,2026-02-11,2026-02-11,1,0,Warehouse Labour,47.25,2.36,49.61
3869916,IF4041438233,32118818,184218,184218,2026-02-11,2026-02-11,111,0,Shop Supplies,1.11,0.06,1.17
3869923,IF4041438232,32118817,184217,184217,2026-02-11,2026-02-11,111,0,Shop Supplies,1.11,0.06,1.17
3869923,IF4041438232,32118817,184217,184217,2026-02-11,2026-02-11,1,0,Warehouse Labour,47.25,2.36,49.61
3869982,CC 02-11-2026,,,,2026-02-11,2026-02-11,0,0,Cycle Count,23.63,1.18,24.81
3869928,PO04650,30696897,,,2026-02-11,2026-02-12,2,0,Repackaging,0.36,0.02,0.38
3870216,coq,32012722,184314,184314,2026-02-12,2026-02-12,200,0,Shop Supplies,2,0.1,2.1
3870216,coq,32012722,184314,184314,2026-02-12,2026-02-12,1,0,Warehouse Labour,47.25,2.36,49.61
3870235,IF4041436282,32012716,184290,184290,2026-02-12,2026-02-12,154,0,Shop Supplies,1.54,0.08,1.62
3870235,IF4041436282,32012716,184290,184290,2026-02-12,2026-02-12,1,0,Warehouse Labour,47.25,2.36,49.61
3870242,IF4041436284,32012717,184293,184293,2026-02-12,2026-02-12,100,0,Shop Supplies,1,0.05,1.05
3870242,IF4041436284,32012717,184293,184293,2026-02-12,2026-02-12,1,0,Warehouse Labour,47.25,2.36,49.61
3870254,IF4041436285,32012718,184295,184295,2026-02-12,2026-02-12,1,0,Warehouse Labour,47.25,2.36,49.61
3870254,IF4041436285,32012718,184295,184295,2026-02-12,2026-02-12,100,0,Shop Supplies,1,0.05,1.05
3870259,IF4041436286,32012719,184296,184296,2026-02-12,2026-02-12,1,0,Warehouse Labour,47.25,2.36,49.61
3870259,IF4041436286,32012719,184296,184296,2026-02-12,2026-02-12,100,0,Shop Supplies,1,0.05,1.05
3870261,IF4041436287,32012720,184312,184312,2026-02-12,2026-02-12,1,0,Warehouse Labour,47.25,2.36,49.61
3870261,IF4041436287,32012720,184312,184312,2026-02-12,2026-02-12,100,0,Shop Supplies,1,0.05,1.05
3870268,IF4041436288,32012721,184313,184313,2026-02-12,2026-02-12,1,0,Warehouse Labour,47.25,2.36,49.61
3870268,IF4041436288,32012721,184313,184313,2026-02-12,2026-02-12,100,0,Shop Supplies,1,0.05,1.05
3870270,IF4041436290,32012723,184319,184319,2026-02-12,2026-02-12,1,0,Warehouse Labour,47.25,2.36,49.61
3870270,IF4041436290,32012723,184319,184319,2026-02-12,2026-02-12,100,0,Shop Supplies,1,0.05,1.05
3870297,IF4041436291,32012724,184320,184320,2026-02-12,2026-02-12,1,0,Warehouse Labour,47.25,2.36,49.61
3870297,IF4041436291,32012724,184320,184320,2026-02-12,2026-02-12,100,0,Shop Supplies,1,0.05,1.05
3870298,IF4041436292,32012725,184321,184321,2026-02-12,2026-02-12,44,0,Shop Supplies,0.44,0.02,0.46
3870298,IF4041436292,32012725,184321,184321,2026-02-12,2026-02-12,1,0,Warehouse Labour,47.25,2.36,49.61
3870299,IF4041436293,32012726,184322,184322,2026-02-12,2026-02-12,44,0,Shop Supplies,0.44,0.02,0.46
3870299,IF4041436293,32012726,184322,184322,2026-02-12,2026-02-12,1,0,Warehouse Labour,47.25,2.36,49.61
3870300,IF4041436294,32012727,184323,184323,2026-02-12,2026-02-12,1,0,Warehouse Labour,47.25,2.36,49.61
3870300,IF4041436294,32012727,184323,184323,2026-02-12,2026-02-12,44,0,Shop Supplies,0.44,0.02,0.46
3870306,IF4041436295,32012728,184324,184324,2026-02-12,2026-02-12,44,0,Shop Supplies,0.44,0.02,0.46
3870306,IF4041436295,32012728,184324,184324,2026-02-12,2026-02-12,1,0,Warehouse Labour,47.25,2.36,49.61
3870307,IF4041436297,32012729,184325,184325,2026-02-12,2026-02-12,1,0,Warehouse Labour,47.25,2.36,49.61
3870307,IF4041436297,32012729,184325,184325,2026-02-12,2026-02-12,44,0,Shop Supplies,0.44,0.02,0.46
3870308,IF4041436298,32012730,184326,184326,2026-02-12,2026-02-12,44,0,Shop Supplies,0.44,0.02,0.46
3870308,IF4041436298,32012730,184326,184326,2026-02-12,2026-02-12,1,0,Warehouse Labour,47.25,2.36,49.61
3870312,IF4041436299,32012731,184327,184327,2026-02-12,2026-02-12,44,0,Shop Supplies,0.44,0.02,0.46
3870312,IF4041436299,32012731,184327,184327,2026-02-12,2026-02-12,1,0,Warehouse Labour,47.25,2.36,49.61
3860347,IF4041436294,32012727,184323,184323,2026-01-27,2026-02-12,0,0,Tagging,23.63,1.18,24.81
3860348,IF4041436295,32012728,184324,184324,2026-01-27,2026-02-12,0,0,Tagging,23.63,1.18,24.81
3860339,IF4041436286,32012719,184296,184296,2026-01-27,2026-02-12,2,0,Tagging,70.88,3.54,74.42
3860345,IF4041436292,32012725,184321,184321,2026-01-27,2026-02-12,0,0,Tagging,23.63,1.18,24.81
3860343,IF4041436290,32012723,184319,184319,2026-01-27,2026-02-12,2,0,Tagging,70.88,3.54,74.42
3860346,IF4041436293,32012726,184322,184322,2026-01-27,2026-02-12,0,0,Tagging,23.63,1.18,24.81
3860349,IF4041436297,32012729,184325,184325,2026-01-27,2026-02-12,0,0,Tagging,23.63,1.18,24.81
3860350,IF4041436298,32012730,184326,184326,2026-01-27,2026-02-12,0,0,Tagging,23.63,1.18,24.81
3860340,IF4041436287,32012720,184312,184312,2026-01-27,2026-02-12,2,0,Tagging,70.88,3.54,74.42
3860351,IF4041436299,32012731,184327,184327,2026-01-27,2026-02-12,0,0,Tagging,23.63,1.18,24.81
3860342,IF4041436289,32012722,184314,184314,2026-01-27,2026-02-12,2,0,Tagging,118.13,5.91,124.04
3860341,IF4041436288,32012721,184313,184313,2026-01-27,2026-02-12,2,0,Tagging,70.88,3.54,74.42
3870504,IF4041438259,32118839,184351,184351,2026-02-12,2026-02-12,1,0,Warehouse Labour,47.25,2.36,49.61
3870504,IF4041438259,32118839,184351,184351,2026-02-12,2026-02-12,36,0,Shop Supplies,0.36,0.02,0.38
3870505,IF4041438258,32118838,184350,184350,2026-02-12,2026-02-12,36,0,Shop Supplies,0.36,0.02,0.38
3870505,IF4041438258,32118838,184350,184350,2026-02-12,2026-02-12,1,0,Warehouse Labour,47.25,2.36,49.61
3870507,IF4041438257,32118837,184349,184349,2026-02-12,2026-02-12,36,0,Shop Supplies,0.36,0.02,0.38
3870507,IF4041438257,32118837,184349,184349,2026-02-12,2026-02-12,1,0,Warehouse Labour,47.25,2.36,49.61
3870508,IF4041438256,32118836,184348,184348,2026-02-12,2026-02-12,36,0,Shop Supplies,0.36,0.02,0.38
3870508,IF4041438256,32118836,184348,184348,2026-02-12,2026-02-12,1,0,Warehouse Labour,47.25,2.36,49.61
3860337,IF4041436284,32012717,184293,184293,2026-01-27,2026-02-12,2,0,Tagging,70.88,3.54,74.42
3870509,IF4041438255,32118835,184347,184347,2026-02-12,2026-02-12,36,0,Shop Supplies,0.36,0.02,0.38
3870509,IF4041438255,32118835,184347,184347,2026-02-12,2026-02-12,1,0,Warehouse Labour,47.25,2.36,49.61
3870513,IF4041438254,32118834,184346,184346,2026-02-12,2026-02-12,1,0,Warehouse Labour,47.25,2.36,49.61
3870513,IF4041438254,32118834,184346,184346,2026-02-12,2026-02-12,36,0,Shop Supplies,0.36,0.02,0.38
3870514,IF4041438253,32118833,184345,184345,2026-02-12,2026-02-12,36,0,Shop Supplies,0.36,0.02,0.38
3870514,IF4041438253,32118833,184345,184345,2026-02-12,2026-02-12,1,0,Warehouse Labour,47.25,2.36,49.61
3870515,IF4041438252,32118832,184344,184344,2026-02-12,2026-02-12,36,0,Shop Supplies,0.36,0.02,0.38
3870515,IF4041438252,32118832,184344,184344,2026-02-12,2026-02-12,1,0,Warehouse Labour,47.25,2.36,49.61
3870517,IF4041438251,32118831,184343,184343,2026-02-12,2026-02-12,1,0,Warehouse Labour,47.25,2.36,49.61
3870517,IF4041438251,32118831,184343,184343,2026-02-12,2026-02-12,36,0,Shop Supplies,0.36,0.02,0.38
3870518,IF4041438250,32118830,184342,184342,2026-02-12,2026-02-12,66,0,Shop Supplies,0.66,0.03,0.69
3870518,IF4041438250,32118830,184342,184342,2026-02-12,2026-02-12,1,0,Warehouse Labour,47.25,2.36,49.61
3870519,IF4041438248,32118829,184341,184341,2026-02-12,2026-02-12,66,0,Shop Supplies,0.66,0.03,0.69
3870519,IF4041438248,32118829,184341,184341,2026-02-12,2026-02-12,1,0,Warehouse Labour,47.25,2.36,49.61
3870520,IF4041438246,32118828,184340,184340,2026-02-12,2026-02-12,1,0,Warehouse Labour,47.25,2.36,49.61
3870520,IF4041438246,32118828,184340,184340,2026-02-12,2026-02-12,66,0,Shop Supplies,0.66,0.03,0.69
3870521,IF4041438245,32118827,184339,184339,2026-02-12,2026-02-12,1,0,Warehouse Labour,47.25,2.36,49.61
3870521,IF4041438245,32118827,184339,184339,2026-02-12,2026-02-12,66,0,Shop Supplies,0.66,0.03,0.69
3870522,IF4041438244,32118826,184338,184338,2026-02-12,2026-02-12,1,0,Warehouse Labour,47.25,2.36,49.61
3870522,IF4041438244,32118826,184338,184338,2026-02-12,2026-02-12,66,0,Shop Supplies,0.66,0.03,0.69
3870523,IF4041438243,32118825,184337,184337,2026-02-12,2026-02-12,1,0,Warehouse Labour,47.25,2.36,49.61
3870523,IF4041438243,32118825,184337,184337,2026-02-12,2026-02-12,66,0,Shop Supplies,0.66,0.03,0.69
3870524,IF4041438242,32118824,184336,184336,2026-02-12,2026-02-12,1,0,Warehouse Labour,47.25,2.36,49.61
3870524,IF4041438242,32118824,184336,184336,2026-02-12,2026-02-12,66,0,Shop Supplies,0.66,0.03,0.69
3870526,IF4041438241,32118823,184334,184334,2026-02-12,2026-02-12,66,0,Shop Supplies,0.66,0.03,0.69
3870526,IF4041438241,32118823,184334,184334,2026-02-12,2026-02-12,1,0,Warehouse Labour,47.25,2.36,49.61
3860335,IF4041436281,32012715,184219,184219,2026-01-27,2026-02-12,1,0,Tagging,59.06,2.95,62.01
3869539,IF4041438257,32118837,184349,184349,2026-02-11,2026-02-12,0,0,Tagging,15.59,0.78,16.37
3860338,IF4041436285,32012718,184295,184295,2026-01-27,2026-02-12,2,0,Tagging,82.69,4.13,86.82
3860336,IF4041436282,32012716,184290,184290,2026-01-27,2026-02-12,2,0,Tagging,70.88,3.54,74.42
3869534,IF4041438252,32118832,184344,184344,2026-02-11,2026-02-13,0,0,Tagging,19.85,0.99,20.84
3869535,IF4041438253,32118833,184345,184345,2026-02-11,2026-02-13,0,0,Tagging,19.85,0.99,20.84
3861674,IF4041436521,32028707,206854,206854,2026-01-29,2026-02-13,1,0,Warehouse Labour,47.25,2.36,49.61
3870960,IF4041438204,32118294,184053,184053,2026-02-13,2026-02-13,1,0,Warehouse Labour,47.25,2.36,49.61
3870960,IF4041438204,32118294,184053,184053,2026-02-13,2026-02-13,59,0,Shop Supplies,0.59,0.03,0.62
3870967,IF4041438205,32118295,184054,184054,2026-02-13,2026-02-13,59,0,Shop Supplies,0.59,0.03,0.62
3870967,IF4041438205,32118295,184054,184054,2026-02-13,2026-02-13,1,0,Warehouse Labour,47.25,2.36,49.61
3870972,IF4041438207,32118296,184055,184055,2026-02-13,2026-02-13,1,0,Warehouse Labour,47.25,2.36,49.61
3870972,IF4041438207,32118296,184055,184055,2026-02-13,2026-02-13,59,0,Shop Supplies,0.59,0.03,0.62
3870975,IF4041438208,32118297,184056,184056,2026-02-13,2026-02-13,1,0,Warehouse Labour,47.25,2.36,49.61
3870975,IF4041438208,32118297,184056,184056,2026-02-13,2026-02-13,59,0,Shop Supplies,0.59,0.03,0.62
3870977,IF4041438209,32118298,184057,184057,2026-02-13,2026-02-13,59,0,Shop Supplies,0.59,0.03,0.62
3870977,IF4041438209,32118298,184057,184057,2026-02-13,2026-02-13,1,0,Warehouse Labour,47.25,2.36,49.61
3870980,IF4041438210,32118299,184057,184057,2026-02-13,2026-02-13,59,0,Shop Supplies,0.59,0.03,0.62
3870980,IF4041438210,32118299,184057,184057,2026-02-13,2026-02-13,1,0,Warehouse Labour,47.25,2.36,49.61
3870981,IF4041438211,32118300,184059,184059,2026-02-13,2026-02-13,1,0,Warehouse Labour,47.25,2.36,49.61
3870981,IF4041438211,32118300,184059,184059,2026-02-13,2026-02-13,59,0,Shop Supplies,0.59,0.03,0.62
3870982,IF4041438212,32118301,184060,184060,2026-02-13,2026-02-13,1,0,Warehouse Labour,47.25,2.36,49.61
3870982,IF4041438212,32118301,184060,184060,2026-02-13,2026-02-13,59,0,Shop Supplies,0.59,0.03,0.62
3870983,IF4041438215,32118303,184062,184062,2026-02-13,2026-02-13,44,0,Shop Supplies,0.44,0.02,0.46
3870983,IF4041438215,32118303,184062,184062,2026-02-13,2026-02-13,1,0,Warehouse Labour,47.25,2.36,49.61
3870984,IF4041438214,32118302,184061,184061,2026-02-13,2026-02-13,59,0,Shop Supplies,0.59,0.03,0.62
3870984,IF4041438214,32118302,184061,184061,2026-02-13,2026-02-13,1,0,Warehouse Labour,47.25,2.36,49.61
3870986,IF4041438216,32118304,184063,184063,2026-02-13,2026-02-13,1,0,Warehouse Labour,47.25,2.36,49.61
3870986,IF4041438216,32118304,184063,184063,2026-02-13,2026-02-13,44,0,Shop Supplies,0.44,0.02,0.46
3870987,IF4041438217,32118305,184064,184064,2026-02-13,2026-02-13,44,0,Shop Supplies,0.44,0.02,0.46
3870987,IF4041438217,32118305,184064,184064,2026-02-13,2026-02-13,1,0,Warehouse Labour,47.25,2.36,49.61
3870988,IF4041438218,32118306,184065,184065,2026-02-13,2026-02-13,44,0,Shop Supplies,0.44,0.02,0.46
3870988,IF4041438218,32118306,184065,184065,2026-02-13,2026-02-13,1,0,Warehouse Labour,47.25,2.36,49.61
3871482,IF4041438203,32118293,184052,184052,2026-02-13,2026-02-13,2,0,Warehouse Labour,94.5,4.73,99.23
3871482,IF4041438203,32118293,184052,184052,2026-02-13,2026-02-13,205,0,Shop Supplies,2.05,0.1,2.15
3871483,IF4041438202,32118292,184051,184051,2026-02-13,2026-02-13,205,0,Shop Supplies,2.05,0.1,2.15
3871483,IF4041438202,32118292,184051,184051,2026-02-13,2026-02-13,2,0,Warehouse Labour,94.5,4.73,99.23
3871549,IF4041436300,32012732,184330,184330,2026-02-13,2026-02-13,2,0,Warehouse Labour,94.5,4.73,99.23
3871549,IF4041436300,32012732,184330,184330,2026-02-13,2026-02-13,2076,0,Shop Supplies,20.76,1.04,21.8
3871552,IF4041436300,32012732,184330,184330,2026-02-13,2026-02-13,13,0,Tagging,614.25,30.71,644.96
3871553,IF4041438240,32118822,184232,184232,2026-02-13,2026-02-13,2,0,Warehouse Labour,94.5,4.73,99.23
3871553,IF4041438240,32118822,184232,184232,2026-02-13,2026-02-13,1259,0,Shop Supplies,12.59,0.63,13.22
3871556,IF4041438261,32118840,184352,184352,2026-02-13,2026-02-13,1,0,Warehouse Labour,47.25,2.36,49.61
3871556,IF4041438261,32118840,184352,184352,2026-02-13,2026-02-13,897,0,Shop Supplies,8.97,0.45,9.42
3871559,IF4041438352,32124025,184066,184066,2026-02-13,2026-02-13,2,0,Warehouse Labour,70.88,3.54,74.42
3871559,IF4041438352,32124025,184066,184066,2026-02-13,2026-02-13,664,0,Shop Supplies,6.64,0.33,6.97
3871561,IF4041438220,32118308,184175,184175,2026-02-13,2026-02-13,247,0,Shop Supplies,2.47,0.12,2.59
3871561,IF4041438220,32118308,184175,184175,2026-02-13,2026-02-13,2,0,Warehouse Labour,70.88,3.54,74.42
3871484,IF4041438219,32118307,184169,184169,2026-02-13,2026-02-13,247,0,Shop Supplies,2.47,0.12,2.59
3871484,IF4041438219,32118307,184169,184169,2026-02-13,2026-02-13,2,0,Warehouse Labour,70.88,3.54,74.42
3871563,IF4041438222,32118309,184177,184177,2026-02-13,2026-02-13,2,0,Warehouse Labour,70.88,3.54,74.42
3871563,IF4041438222,32118309,184177,184177,2026-02-13,2026-02-13,151,0,Shop Supplies,1.51,0.08,1.59
3871566,IF4041438223,32118310,184182,184182,2026-02-13,2026-02-13,2,0,Warehouse Labour,70.88,3.54,74.42
3871566,IF4041438223,32118310,184182,184182,2026-02-13,2026-02-13,151,0,Shop Supplies,1.51,0.08,1.59
3871569,IF4041438226,32118326,184183,184183,2026-02-13,2026-02-13,2,0,Warehouse Labour,70.88,3.54,74.42
3871569,IF4041438226,32118326,184183,184183,2026-02-13,2026-02-13,151,0,Shop Supplies,1.51,0.08,1.59
3871585,IF4041438227,32118813,184213,184213,2026-02-13,2026-02-13,1,0,Warehouse Labour,47.25,2.36,49.61
3871585,IF4041438227,32118813,184213,184213,2026-02-13,2026-02-13,111,0,Shop Supplies,1.11,0.06,1.17
3871586,IF4041438228,32118814,184214,184214,2026-02-13,2026-02-13,1,0,Warehouse Labour,59.06,2.95,62.01
3871586,IF4041438228,32118814,184214,184214,2026-02-13,2026-02-13,111,0,Shop Supplies,1.11,0.06,1.17
3871588,IF4041438229,32118815,184215,184215,2026-02-13,2026-02-13,111,0,Shop Supplies,1.11,0.06,1.17
3871588,IF4041438229,32118815,184215,184215,2026-02-13,2026-02-13,1,0,Warehouse Labour,59.06,2.95,62.01
3871590,IF4041438230,32118816,184216,184216,2026-02-13,2026-02-13,111,0,Shop Supplies,1.11,0.06,1.17
3871590,IF4041438230,32118816,184216,184216,2026-02-13,2026-02-13,1,0,Warehouse Labour,59.06,2.95,62.01
3871592,IF4041438236,32118819,184229,184229,2026-02-13,2026-02-13,92,0,Shop Supplies,0.92,0.05,0.97
3871592,IF4041438236,32118819,184229,184229,2026-02-13,2026-02-13,1,0,Warehouse Labour,47.25,2.36,49.61
3871594,IF4041438237,32118820,184230,184230,2026-02-13,2026-02-13,1,0,Warehouse Labour,47.25,2.36,49.61
3871594,IF4041438237,32118820,184230,184230,2026-02-13,2026-02-13,92,0,Shop Supplies,0.92,0.05,0.97
3871596,IF4041438238,32118821,184231,184231,2026-02-13,2026-02-13,1,0,Warehouse Labour,47.25,2.36,49.61
3871596,IF4041438238,32118821,184231,184231,2026-02-13,2026-02-13,92,0,Shop Supplies,0.92,0.05,0.97
"Thursday, February 19, 2026",,,,,,,,,,,,
